{"moran_corr": 0.28805935966391205, "geary_corr": 0.29593972619946557, "ari": 0.46739607057270854, "nmi": 0.5399722173947278, "ssim": 0.4769765422430891, "avg_gene_ssim": 0.22310464577656322, "soft_spearman_mean": 0.1805891814802913, "soft_f1_mean": 0.898545238650381}