{"moran_corr": 0.902601784713293, "geary_corr": 0.9076676992294694, "ari": 0.2246256435911794, "nmi": 0.32336471459974453, "ssim": 0.5652597088675628, "avg_gene_ssim": 0.4369005576964418, "soft_spearman_mean": 0.5410204498065788, "soft_f1_mean": 0.9837307285397341}