{"moran_corr": 0.9359325864859671, "geary_corr": 0.9028102329913593, "ari": 0.46739607057270854, "nmi": 0.5399722173947278, "ssim": 0.4769765422430891, "avg_gene_ssim": 0.34278001395554747, "soft_spearman_mean": 0.2141376250405115, "soft_f1_mean": 0.8359506163946354}