{"moran_corr": 0.909064144749931, "geary_corr": 0.9250249851155466, "ari": 0.2246256435911794, "nmi": 0.32336471459974453, "ssim": 0.5652597088675628, "avg_gene_ssim": 0.48850208890175006, "soft_spearman_mean": 0.5966323108527749, "soft_f1_mean": 0.9993615485710351}