{"moran_corr": 0.6285848493978717, "geary_corr": 0.6057277255255097, "ari": 0.46739607057270854, "nmi": 0.5399722173947278, "ssim": 0.4769765422430891, "avg_gene_ssim": 0.35047623918736176, "soft_spearman_mean": 0.2465760819236342, "soft_f1_mean": 0.9050483386280755}