{"moran_corr": 0.8949571662968803, "geary_corr": 0.9066428737535321, "ari": 0.2246256435911794, "nmi": 0.32336471459974453, "ssim": 0.5652597088675628, "avg_gene_ssim": 0.49958107552785513, "soft_spearman_mean": 0.6250070123833794, "soft_f1_mean": 0.9969710181690409}