{"ssim": 0.8664223834498584, "avg_gene_ssim": 0.6397697423272238, "soft_spearman_mean": 0.0884389954525779, "soft_f1_mean": 0.48471914949133044}