{"ssim": 0.4769765422430891, "avg_gene_ssim": 0.34579467037761014, "soft_spearman_mean": 0.214660513906597, "soft_f1_mean": 0.8359490890894257}